Elemetary,Ryan,M,20161101
High,Mari,M,20160512
Elemetary,Kamal,F,20160303
Kinder,Quentin,M,20160503
Elemetary,Jasper,F,20160715
Kinder,Simon,F,20161208
Elemetary,Jermaine,M,20160619
High,September,M,20160415
Kinder,Dexter,F,20161225
High,Dora,F,20160222
High,Elliott,F,20160723
Kinder,Brady,F,20161205
High,Blossom,M,20160417
Elemetary,Prescott,M,20160605
Elemetary,Buffy,M,20160105
High,Justine,M,20160527
High,Blaine,F,20160716
Kinder,Cadman,M,20161013
Elemetary,Martha,M,20161113
Kinder,Beverly,M,20160312
High,Mallory,F,20161207
High,Roth,F,20161015
Kinder,Judah,M,20160327
Kinder,Thomas,F,20161108
Elemetary,Zelda,M,20160225
Elemetary,Alika,M,20160926
High,Philip,F,20160221
Elemetary,Roth,M,20160717
Elemetary,Carlos,F,20160825
High,Kaye,M,20160706
Kinder,Barbara,F,20160111
Elemetary,Aphrodite,F,20160530
High,Colette,M,20160820
Kinder,Heidi,M,20160719
Kinder,MacKensie,M,20160811
Kinder,Ulric,M,20160704
Elemetary,Ashton,F,20160309
Kinder,Maia,M,20160811
Kinder,Alvin,M,20160418
High,Glenna,M,20160113
Elemetary,Merritt,M,20170103
High,Eve,F,20160612
Elemetary,Keefe,M,20160717
Kinder,Quintessa,M,20160128
High,Hayley,F,20161214
High,Alisa,F,20161013
High,Fleur,M,20161124
Kinder,Casey,F,20160528
Elemetary,Blair,F,20161205
High,Nayda,F,20161126
Kinder,Lael,F,20160125
High,Jameson,M,20161203
Elemetary,Benjamin,F,20161125
Kinder,Leo,M,20161023
Elemetary,Aiko,F,20160820
Kinder,Jason,F,20160607
High,Vincent,F,20160812
High,Sonya,M,20160903
Kinder,Clinton,F,20160210
High,Zelenia,F,20161226
Elemetary,Bert,M,20160930
Kinder,Mia,M,20160405
Elemetary,Jessamine,F,20170102
Kinder,Xavier,M,20160211
Elemetary,Belle,M,20160527
Kinder,Regan,M,20160831
Kinder,Levi,M,20160328
Kinder,Ramona,F,20160203
Kinder,Levi,F,20160621
High,Eugenia,M,20161002
Kinder,Britanney,M,20160928
Elemetary,Ann,M,20160323
Kinder,Dale,M,20160208
Elemetary,Holly,F,20160503
Elemetary,Luke,M,20160130
Kinder,Zena,M,20161222
Elemetary,Francis,F,20160413
Kinder,Nash,F,20160403
Kinder,Leonard,M,20160423
High,Alec,M,20160211
High,Dolan,F,20160517
Kinder,Daryl,M,20160429
High,Acton,F,20160118
Kinder,Beatrice,F,20161220
Kinder,Michelle,M,20160126
Elemetary,Noelani,F,20160811
Elemetary,Elijah,M,20160820
Kinder,Macon,M,20160114
Kinder,Sade,F,20160525
Kinder,Denton,M,20161120
Elemetary,Drew,F,20161016
High,Sydnee,M,20160225
Kinder,Craig,M,20160603
High,Morgan,F,20160330
Kinder,Samson,F,20161121
High,Imani,M,20160713
Elemetary,Hope,M,20160104
High,Amity,F,20160621
Elemetary,Alvin,F,20160815
Kinder,Avram,F,20160212